word,level,cn
a,preprimer,一个（冠词）
and,preprimer,和
away,preprimer,离开
big,preprimer,大的
blue,preprimer,蓝色
can,preprimer,会;能
come,preprimer,来
down,preprimer,向下
find,preprimer,找到
for,preprimer,为了
funny,preprimer,有趣的
go,preprimer,去
help,preprimer,帮助
here,preprimer,这里
I,preprimer,我
in,preprimer,在里面
is,preprimer,是
it,preprimer,它
jump,preprimer,跳
little,preprimer,小的
look,preprimer,看
make,preprimer,制作
me,preprimer,我（宾格）
my,preprimer,我的
not,preprimer,不
one,preprimer,一
play,preprimer,玩
red,preprimer,红色
run,preprimer,跑
said,preprimer,说（过去式）
see,preprimer,看见
the,preprimer,定冠词
three,preprimer,三
to,preprimer,到
two,preprimer,二
up,preprimer,向上
we,preprimer,我们
where,preprimer,哪里
yellow,preprimer,黄色
you,preprimer,你
all,primer,全部
am,primer,是
are,primer,是
at,primer,在
ate,primer,吃（过去式）
be,primer,是;成为
black,primer,黑色
brown,primer,棕色
but,primer,但是
came,primer,来（过去式）
did,primer,做（过去式）
do,primer,做
eat,primer,吃
four,primer,四
get,primer,得到
good,primer,好的
have,primer,有
he,primer,他
into,primer,进入
like,primer,喜欢;像
must,primer,必须
new,primer,新的
no,primer,不
now,primer,现在
on,primer,在上面
our,primer,我们的
out,primer,在外面
please,primer,请
pretty,primer,漂亮的
ran,primer,跑（过去式）
ride,primer,骑
saw,primer,看见（过去式）
say,primer,说
she,primer,她
so,primer,所以
soon,primer,很快
that,primer,那个
there,primer,那里
they,primer,他们
this,primer,这个
too,primer,也;太
under,primer,在下面
want,primer,想要
was,primer,是（过去式）
well,primer,好
went,primer,去（过去式）
what,primer,什么
white,primer,白色
who,primer,谁
will,primer,将要
with,primer,和…一起
yes,primer,是的
after,g1,在…之后
again,g1,又;再
an,g1,一（冠词）
any,g1,任何
as,g1,像;作为
ask,g1,问
by,g1,由;被
could,g1,能够
every,g1,每一
fly,g1,飞
from,g1,从
give,g1,给
going,g1,将要去
had,g1,有（过去式）
has,g1,有
her,g1,她的
him,g1,他（宾格）
his,g1,他的
how,g1,怎样
just,g1,刚刚;只是
know,g1,知道
let,g1,让
live,g1,住
may,g1,可以
of,g1,…的
old,g1,老的;旧的
once,g1,一次
open,g1,打开
over,g1,在…上方
put,g1,放
round,g1,圆的
some,g1,一些
stop,g1,停
take,g1,拿
thank,g1,感谢
them,g1,他们（宾格）
then,g1,然后
think,g1,想;思考
walk,g1,走;散步
were,g1,是（过去式）
when,g1,什么时候
always,g2,总是
around,g2,周围
because,g2,因为
been,g2,曾经是
before,g2,在…之前
best,g2,最好的
both,g2,两者都
buy,g2,买
call,g2,喊;打电话
cold,g2,冷的
does,g2,做（三单）
don't,g2,不要
fast,g2,快的
first,g2,第一
five,g2,五
found,g2,找到（过去式）
gave,g2,给（过去式）
goes,g2,去（三单）
green,g2,绿色
its,g2,它的
made,g2,制作（过去式）
many,g2,许多
off,g2,脱落;离开
or,g2,或者
pull,g2,拉
read,g2,读
right,g2,右边;正确
sing,g2,唱
sit,g2,坐
sleep,g2,睡觉
tell,g2,告诉
their,g2,他们的
these,g2,这些
those,g2,那些
upon,g2,在…之上
us,g2,我们（宾格）
use,g2,使用
very,g2,非常
wash,g2,洗
which,g2,哪个
why,g2,为什么
wish,g2,希望;祝愿
work,g2,工作
would,g2,将会（委婉）
write,g2,写
your,g2,你的
about,g3,关于
better,g3,更好的
bring,g3,带来
carry,g3,搬运
clean,g3,干净的
cut,g3,剪;切
done,g3,完成
draw,g3,画
drink,g3,喝
eight,g3,八
fall,g3,落下;秋天
far,g3,远的
full,g3,满的
got,g3,得到（过去式）
grow,g3,生长
hold,g3,握住
hot,g3,热的
hurt,g3,受伤
if,g3,如果
keep,g3,保持
kind,g3,善良的;种类
laugh,g3,笑
light,g3,光;轻的
long,g3,长的
much,g3,许多
myself,g3,我自己
never,g3,从不
only,g3,只有
own,g3,自己的
pick,g3,摘;挑
seven,g3,七
shall,g3,将要
show,g3,展示
six,g3,六
small,g3,小的
start,g3,开始
ten,g3,十
today,g3,今天
together,g3,一起
try,g3,尝试
warm,g3,温暖的
apple,noun,苹果
baby,noun,婴儿
back,noun,后背
ball,noun,球
bear,noun,熊
bed,noun,床
bell,noun,铃铛
bird,noun,鸟
birthday,noun,生日
boat,noun,小船
box,noun,盒子
boy,noun,男孩
bread,noun,面包
brother,noun,哥哥;弟弟
cake,noun,蛋糕
car,noun,汽车
cat,noun,猫
chair,noun,椅子
chicken,noun,小鸡
children,noun,孩子们
Christmas,noun,圣诞节
coat,noun,外套
corn,noun,玉米
cow,noun,奶牛
day,noun,白天
dog,noun,狗
doll,noun,玩偶
door,noun,门
duck,noun,鸭子
egg,noun,蛋
eye,noun,眼睛
farm,noun,农场
farmer,noun,农民
father,noun,爸爸
feet,noun,脚（复数）
fire,noun,火
fish,noun,鱼
floor,noun,地板
flower,noun,花
game,noun,游戏
garden,noun,花园
girl,noun,女孩
good-bye,noun,再见
grass,noun,草
ground,noun,地面
hand,noun,手
head,noun,头
hill,noun,小山
home,noun,家
horse,noun,马
house,noun,房子
kitty,noun,小猫
leg,noun,腿
letter,noun,信
man,noun,男人
men,noun,男人们
milk,noun,牛奶
money,noun,钱
morning,noun,早晨
mother,noun,妈妈
name,noun,名字
nest,noun,鸟巢
night,noun,夜晚
paper,noun,纸
party,noun,派对
picture,noun,图画
pig,noun,猪
rabbit,noun,兔子
rain,noun,雨
ring,noun,戒指;铃声
robin,noun,知更鸟
Santa Claus,noun,圣诞老人
school,noun,学校
seed,noun,种子
sheep,noun,绵羊
shoe,noun,鞋
sister,noun,姐姐;妹妹
snow,noun,雪
song,noun,歌
squirrel,noun,松鼠
stick,noun,树枝
street,noun,街道
sun,noun,太阳
table,noun,桌子
thing,noun,东西
time,noun,时间
top,noun,顶端
toy,noun,玩具
tree,noun,树
watch,noun,手表;观看
water,noun,水
way,noun,路
wind,noun,风
window,noun,窗户
wood,noun,木头
